name,team,time,points
Lalem Sintayehu,St. F X,24:57,1
Eli Torrie,UNB Reds,25:11,2
Joel Gallant,UPEI Panthers,25:17,3
Luke MacDonald,St. F X,25:26,4
Miles Hayden,UNB Reds,25:30,5
Luc Doucette,UPEI Panthers,25:32,6
Jon Earle,Dalhousie Tigers,25:35,7
Grayson Butler,Dalhousie Tigers,25:41,8
Alex Rogers,Dalhousie Tigers,25:49,9
Adam Thompson,Dalhousie Tigers,25:59,10
Isaac MacLean,Dalhousie Tigers,26:12,11
Ben Bachmann,St. F X,26:17,12
Ben Mundle,Dalhousie Tigers,26:22,13
Lincoln Landry,Moncton Aigles Bleu,26:24,14
Adam Wojcicki,UNB Reds,26:29,15
Owen Daber,UNB Reds,26:33,16
Amine El Jaljal,Moncton Aigles Bleu,26:40,17
Zach Carter,UNB Reds,26:44,18
Josh Varley,Dalhousie Tigers,26:44,
Marcus Kelly,Dalhousie Tigers,26:44,19
Finn Veale,St. F X,26:58,20
Jack Langille,Dalhousie Tigers,27:02,
Freddie Parr,St. F X,27:04,21
Jack MacNeil,St. F X,27:06,22
Landyn Cooke-Bithrey,St. F X,27:07,23
Thomas Dewitt,St. F X,27:09,
Jacob Pozins,UPEI Panthers,27:11,24
Ryan Ward,Dalhousie Tigers,27:14,
Conlan MacKenzie,St. F X,27:17,
Cedrick Provencher,UPEI Panthers,27:19,25
Dylan Bennett,Dalhousie Tigers,27:20,
Pascal LeBlanc,Moncton Aigles Bleu,27:24,26
Craig Stevenson,St. F X,27:25,
Sam Kardish,Dalhousie Tigers,27:31,
Orri Gionet,UNB Reds,27:34,27
Bo Van Loon,Dalhousie Tigers,27:43,
Mathew Young,UPEI Panthers,27:45,28
Baleyon Wolfe,UPEI Panthers,27:54,29
Ethan Trethewey,St. F X,28:00,
Isaac Boudreau,UPEI Panthers,28:04,30
Cole Miller,St. Mary's Huskies,28:07,31
Zachary Kennedy,St. Mary's Huskies,28:10,32
Riley Cuthbert,Dalhousie Tigers,28:11,
Zackary Rogers,St. Mary's Huskies,28:14,33
Brady Kyle,St. Mary's Huskies,28:23,34
Calder MacKenzie,St. F X,28:26,
Oliver Hubka,St. Mary's Huskies,28:27,35
Adrian Sunderland,UPEI Panthers,28:34,
Jérémi Mazerolle,Moncton Aigles Bleu,28:41,36
Connor Macgillivary,St. Mary's Huskies,29:06,37
Fernando Calderon,UPEI Panthers,29:38,
Neal MacDonald,Unattached,29:51,
Pierre Faivre,Moncton Aigles Bleu,30:56,38
Vincent LeBlanc,Moncton Aigles Bleu,31:19,39
Thomas Holder,Moncton Aigles Bleu,31:20,40
Ghaith Alqdah,Moncton Aigles Bleu,32:21,
