name,time,team,points
Caroline Ash,29:55.5,St. F X,1
Grace Mack,30:24.7,Memorial Sea-Hawks,2
Mila Souilliere,30:33.1,Dalhousie Tigers,3
Frances Macleod,30:37.5,St. Mary's Huskies,4
Juliet Pulfrey,30:45.5,Dalhousie Tigers,5
Laura Dickinson,30:46.6,Dalhousie Tigers,6
Eva Kriebel,30:48.5,Dalhousie Tigers,7
Maisyn Battams,30:59.1,Dalhousie Tigers,8
Frankie Kerr,31:04.2,Dalhousie Tigers,9
Feron Wallace,31:08.5,St. F X,10
Poppy Moon,31:08.7,St. F X,11
Maya Cameron,31:39.8,Dalhousie Tigers,12
Juliana Lemaire,31:44.1,Moncton Aigles Bleu,
Darcie Stapleton,31:46.4,Memorial Sea-Hawks,13
Sarah Wallace,32:06.3,St. F X,14
Stefania Angona,32:14.1,UPEI Panthers,15
Clementine Macleod,33:00.2,Acadia,16
Georgia Wiseman,33:09.2,St. F X,17
Molly Evers,33:13.9,St. Mary's Huskies,18
Poppy Thomson,33:26.1,St. F X,19
Jocleyn Ringler,33:32.8,Memorial Sea-Hawks,20
Sarah Mack,33:49.7,Memorial Sea-Hawks,21
Macneil Tallulah,33:52.6,Memorial Sea-Hawks,22
Maggie Graves,34:10.0,Acadia,23
Anne-Sophie Le Rudulier,34:20.4,Acadia,24
Paris Buchanan,34:29.4,Acadia,25
Claire Breau,34:54.1,UPEI Panthers,26
Laura O'Keefe,34:56.0,Dalhousie Tigers,
Eden Hildebrand,35:04.4,St. F X,27
Ally McLean,35:12.9,St. Mary's Huskies,28
Arleta Sadilkova,35:22.8,Memorial Sea-Hawks,29
Clara Yetman,35:31.8,Memorial Sea-Hawks,30
Campbell Smith,35:39.7,Dalhousie Tigers,
Malika Allain,36:01.2,Moncton Aigles Bleu,
Ashlyn Rooks,36:08.3,St. Mary's Huskies,31
Nevaeh Spinney,36:08.4,Dalhousie Tigers,
Lauren Doyle,36:13.8,UPEI Panthers,32
Nicole Trites,37:06.4,Dalhousie Tigers,
Abbie Carter,37:30.8,UPEI Panthers,33
Lily Collins,37:37.3,St. Mary's Huskies,34
Jillian Hope,37:50.3,Acadia,35
Julia Earle,38:06.6,St. F X,
Mackenzie Hayduk,38:15.0,St. Mary's Huskies,36
Lucy Power,38:41.7,UPEI Panthers,37
Ava Joseph,39:18.3,Acadia,38
Ashlee Adams,39:46.8,St. Mary's Huskies,39
